step	accuracy
0	0.7072727272727273
1	0.7072727272727273
