step	loss
0	0.9818710088729858
1	0.9430273175239563
